publish_date,sentiment_polarity,Date,sentiment_subjectivity
{'$date': '2017-03-29T00:00:00.000+0000'},0.01112313612313613,2017-03-29,0.3677248677248676
{'$date': '2017-03-28T13:28:00.000+0000'},0.02992063492063492,2017-03-28,0.4376388888888889
{'$date': '2016-12-27T14:35:51.000+0000'},0.05632275132275133,2016-12-27,0.4204695767195767
{'$date': '2016-12-14T00:00:00.000+0000'},0.1642451298701299,2016-12-14,0.4387536075036076
{'$date': '2017-03-21T09:49:16.000+0000'},0.07308267863823419,2017-03-21,0.4561260755705201
{'$date': '2017-03-23T00:00:00.000+0000'},0.108266835016835,2017-03-23,0.5031548821548822
{'$date': '2017-01-10T00:00:00.000+0000'},0,2017-01-10,0
{'$date': '2016-12-06T00:00:00.000+0000'},0.08456439393939394,2016-12-06,0.2482007575757576
{'$date': '2016-12-05T00:00:00.000+0000'},0.1243371212121212,2016-12-05,0.3557765151515151
{'$date': '2017-03-24T00:00:00.000+0000'},0.08666105499438832,2017-03-24,0.4170229276895943
{'$date': '2016-12-12T00:00:00.000+0000'},0.0916331684188827,2016-12-12,0.4068729385693671
{'$date': '2016-12-13T14:27:00.000+0000'},0.0868154761904762,2016-12-13,0.4942857142857142
{'$date': '2016-12-11T18:29:49.000+0000'},0.1686480186480186,2016-12-11,0.5100233100233099
{'$date': '2017-03-29T00:00:00.000+0000'},0.1708743276925095,2017-03-29,0.5000524727797454
{'$date': '2017-01-13T00:00:00.000+0000'},0.01301075268817204,2017-01-13,0.2791551459293394
{'$date': '2017-03-02T00:00:00.000+0000'},0.116456358956359,2017-03-02,0.5389937989937991
{'$date': '2017-03-15T12:31:00.000+0000'},0.1559506261712144,2017-03-15,0.4561781029428087
{'$date': '2017-01-23T00:00:00.000+0000'},0.06666666666666667,2017-01-23,0.4333333333333333
{'$date': '2016-12-15T00:00:00.000+0000'},0.0857415417915418,2016-12-15,0.4555459207459207
{'$date': '2017-03-28T00:00:00.000+0000'},0.05251763668430335,2017-03-28,0.4343430335097002
{'$date': '2017-01-17T00:00:00.000+0000'},0.2105306762203314,2017-01-17,0.4927951933124347
{'$date': '2017-03-13T00:00:00.000+0000'},0.06799549549549551,2017-03-13,0.3689414414414414
{'$date': '2017-01-26T00:00:00.000+0000'},0.001726190476190479,2017-01-26,0.3197619047619048
{'$date': '2017-01-26T00:00:00.000+0000'},0.1296614796614797,2017-01-26,0.34509282009282
{'$date': '2017-03-24T00:00:00.000+0000'},0.06406862745098041,2017-03-24,0.3425490196078431
{'$date': '2017-01-09T00:00:00.000+0000'},0.07455978705978704,2017-01-09,0.4014020514020514
{'$date': '2017-03-13T13:04:07.000+0000'},0.1130634071810542,2017-03-13,0.5554214413037941
{'$date': '2017-03-24T00:00:00.000+0000'},0.06807291666666668,2017-03-24,0.3569270833333333
{'$date': '2017-01-30T00:00:00.000+0000'},0.1226668250448738,2017-01-30,0.5039784605638264
{'$date': '2017-01-30T19:13:23.000+0000'},0.1636897259574251,2017-01-30,0.4770542019435824
{'$date': '2016-12-09T00:00:00.000+0000'},0.1801717171717172,2016-12-09,0.4877301587301587
{'$date': '2017-01-27T00:00:00.000+0000'},0.05446428571428571,2017-01-27,0.244757326007326
{'$date': '2016-12-08T04:33:17.000+0000'},0.1194739808802309,2016-12-08,0.3741251803751804
{'$date': '2017-03-23T00:00:00.000+0000'},0.09547979797979793,2017-03-23,0.3074084595959596
{'$date': '2016-12-23T00:00:00.000+0000'},0.1304315476190476,2016-12-23,0.500077947845805
{'$date': '2017-03-02T00:00:00.000+0000'},0.07813131313131313,2017-03-02,0.3317171717171717
{'$date': '2017-01-04T00:00:00.000+0000'},0.1388888888888889,2017-01-04,0.2
{'$date': '2016-12-09T00:00:00.000+0000'},0.06463068181818182,2016-12-09,0.4336647727272726
{'$date': '2016-12-09T00:00:00.000+0000'},0,2016-12-09,0
{'$date': '2017-03-29T18:38:46.000+0000'},0.04436069882498454,2017-03-29,0.3717210368996083
{'$date': '2016-12-02T00:00:00.000+0000'},0.1040858353116418,2016-12-02,0.4362881348042638
{'$date': '2016-12-13T14:34:58.000+0000'},0.07874579124579123,2016-12-13,0.330155723905724
{'$date': '2016-12-13T04:50:00.000+0000'},0.1177717652717653,2016-12-13,0.3891902267828193
{'$date': '2017-03-27T00:00:00.000+0000'},0.09475560802833528,2017-03-27,0.3849822904368358
{'$date': '2016-12-20T00:00:00.000+0000'},0.1413862024500323,2016-12-20,0.4788652482269505
{'$date': '2017-02-28T00:00:00.000+0000'},0.1115353780523684,2017-02-28,0.4057118165006511
{'$date': '2017-03-28T00:00:00.000+0000'},0.04868149580915539,2017-03-28,0.4165506125080593
{'$date': '2017-01-05T17:01:37.000+0000'},0.09777268862090291,2017-01-05,0.5060180890538034
{'$date': '2017-01-05T06:47:57.000+0000'},0.1374289772727273,2017-01-05,0.3764001623376624
{'$date': '2016-12-29T00:00:00.000+0000'},0.1197169398062255,2016-12-29,0.3963377396413109
{'$date': '2017-02-28T00:00:00.000+0000'},0.0008139430014430047,2017-02-28,0.3926181457431456
{'$date': '2017-01-30T00:00:00.000+0000'},0.04375000000000001,2017-01-30,0.3673076923076923
{'$date': '2017-01-02T12:50:09.000+0000'},0.1705172718438024,2017-01-02,0.4864343139853343
{'$date': '2016-12-03T00:00:00.000+0000'},0.03032270759543487,2016-12-03,0.4065590974681884
{'$date': '2017-01-26T19:40:50.000+0000'},0.1224262360446571,2017-01-26,0.4956459330143539
{'$date': '2017-01-27T00:00:00.000+0000'},0.132583300537846,2017-01-27,0.4547912567230749
{'$date': '2017-01-27T00:00:00.000+0000'},0.1401038688774538,2017-01-27,0.3993329521631408
{'$date': '2017-02-28T00:00:00.000+0000'},0.09981060606060606,2017-02-28,0.2833333333333334
{'$date': '2017-01-23T00:00:00.000+0000'},0.01,2017-01-23,0.3230000000000001
{'$date': '2016-12-11T00:00:00.000+0000'},0.101235380116959,2016-12-11,0.4801900584795322
{'$date': '2017-02-28T00:00:00.000+0000'},0.1563101457929044,2017-02-28,0.5384977857391652
{'$date': '2017-03-29T17:12:42.000+0000'},0.16,2017-03-29,0.6577777777777778
{'$date': '2016-12-30T00:00:00.000+0000'},0.01111111111111111,2016-12-30,0.3377899877899879
{'$date': '2017-03-20T05:56:54.000+0000'},0.1462499999999999,2017-03-20,0.4404910714285714
{'$date': '2017-01-11T09:23:53.000+0000'},0.07005766369047621,2017-01-11,0.5051748511904761
{'$date': '2017-01-12T15:40:36.000+0000'},0.1210529054279054,2017-01-12,0.5301656676656676
{'$date': '2016-12-08T06:39:26.000+0000'},0.04263273491214668,2016-12-08,0.3612442704354469
{'$date': '2017-02-28T00:00:00.000+0000'},0.0664105339105339,2017-02-28,0.3666991341991341
{'$date': '2017-03-28T00:00:00.000+0000'},0.06465067340067339,2017-03-28,0.4389688552188551
{'$date': '2017-01-09T00:00:00.000+0000'},0.1439479905437352,2017-01-09,0.4713002364066194
{'$date': '2016-12-16T21:53:29.000+0000'},0.06607142857142857,2016-12-16,0.4815476190476191
{'$date': '2017-03-28T00:00:00.000+0000'},0.09596837242359631,2017-03-28,0.3648525230987917
{'$date': '2017-01-03T00:00:00.000+0000'},0.1874401913875598,2017-01-03,0.5041866028708133
{'$date': '2016-12-12T14:53:31.000+0000'},0.1681006493506493,2016-12-12,0.5261201298701299
{'$date': '2017-02-27T00:00:00.000+0000'},0.06021147771147772,2017-02-27,0.4539964314964314
{'$date': '2017-02-28T00:00:00.000+0000'},0.2403977272727273,2017-02-28,0.4853733766233766
{'$date': '2017-03-07T00:00:00.000+0000'},0.09628035008469793,2017-03-07,0.3795407491059665
{'$date': '2017-01-23T16:38:01.000+0000'},-0.08383838383838382,2017-01-23,0.4421436588103256
{'$date': '2016-12-21T21:36:54.000+0000'},0.05005660048763497,2016-12-21,0.4321011842563567
{'$date': '2017-02-27T00:00:00.000+0000'},0.1909654581529582,2017-02-27,0.5665724707391372
{'$date': '2017-02-28T15:26:51.000+0000'},0.05956790123456789,2017-02-28,0.3852623456790124
{'$date': '2017-03-24T00:00:00.000+0000'},0.03878174603174604,2017-03-24,0.4125873015873016
{'$date': '2016-12-19T05:53:37.000+0000'},0.2182958152958153,2016-12-19,0.4840786435786437
{'$date': '2017-02-28T12:45:49.000+0000'},0.06798390652557319,2017-02-28,0.4749118165784832
{'$date': '2017-01-19T00:00:00.000+0000'},0.1714442355889724,2017-01-19,0.5727600250626566
{'$date': '2016-12-21T00:00:00.000+0000'},0.1871553788401615,2016-12-21,0.514947170381953
{'$date': '2017-02-28T15:11:59.000+0000'},0.1366011303511304,2017-02-28,0.5304803992303992
{'$date': '2017-01-25T16:20:17.000+0000'},0.08878996312329648,2017-01-25,0.5141996419218642
{'$date': '2016-12-05T16:59:00.000+0000'},0.07626411356674515,2016-12-05,0.4639163565479355
{'$date': '2017-02-28T16:06:30.000+0000'},0.04432400932400932,2017-02-28,0.3962937062937062
{'$date': '2017-03-27T00:00:00.000+0000'},0.02275641025641026,2017-03-27,0.3421385112063078
{'$date': '2017-01-30T00:00:00.000+0000'},0.02419609079445146,2017-01-30,0.3343556716507536
{'$date': '2016-12-09T05:58:31.000+0000'},0.09695391414141413,2016-12-09,0.4824273989898989
{'$date': '2017-03-06T09:40:53.000+0000'},0.08823903396484042,2017-03-06,0.4490348182283667
{'$date': '2017-01-27T07:56:04.000+0000'},-0.1083333333333333,2017-01-27,0.4111111111111111
{'$date': '2017-01-11T00:00:00.000+0000'},0.119962962962963,2017-01-11,0.3889259259259258
{'$date': '2017-01-12T18:06:00.000+0000'},0.009811348781937018,2017-01-12,0.2977644087938205
{'$date': '2016-12-14T23:52:53.000+0000'},0.1392987012987013,2016-12-14,0.5238051948051948
{'$date': '2017-02-27T00:00:00.000+0000'},0.04036796536796537,2017-02-27,0.4279942279942281
{'$date': '2017-02-27T00:00:00.000+0000'},0.2131048387096774,2017-02-27,0.4051459293394777
{'$date': '2017-03-29T19:03:44.000+0000'},0.03166666666666667,2017-03-29,0.2527777777777778
{'$date': '2017-03-29T00:00:00.000+0000'},0.03702729044834308,2017-03-29,0.3909342801448064
{'$date': '2017-03-30T00:00:00.000+0000'},0.02981785510087398,2017-03-30,0.301308094421302
{'$date': '2017-01-04T00:00:00.000+0000'},0.1600970017636685,2017-01-04,0.3816578483245149
{'$date': '2017-02-28T10:26:24.000+0000'},0.2095701298701299,2017-02-28,0.4466409090909091
{'$date': '2017-01-19T00:00:00.000+0000'},0.1181268731268731,2017-01-19,0.4617415917415917
{'$date': '2016-12-22T18:16:00.000+0000'},0.09236111111111112,2016-12-22,0.31875
{'$date': '2016-12-21T00:00:00.000+0000'},0.1003764351590439,2016-12-21,0.307422830792396
{'$date': '2017-01-06T12:41:53.000+0000'},0.1937777777777778,2017-01-06,0.5042222222222223
{'$date': '2017-02-28T16:06:33.000+0000'},0.05837789661319073,2017-02-28,0.3971822295351707
{'$date': '2017-02-28T05:36:12.000+0000'},0.1324115646258504,2017-02-28,0.4595328798185942
{'$date': '2017-03-29T00:00:00.000+0000'},0.01219038208168643,2017-03-29,0.3190184453227932
{'$date': '2017-01-24T15:34:59.000+0000'},0.1481060606060606,2017-01-24,0.3742424242424242
{'$date': '2017-03-08T00:00:00.000+0000'},0,2017-03-08,0
{'$date': '2017-03-08T00:00:00.000+0000'},0.01867231638418079,2017-03-08,0.3073163841807909
{'$date': '2017-03-08T12:10:22.000+0000'},0.09839743589743591,2017-03-08,0.3791666666666667
{'$date': '2017-01-20T00:00:00.000+0000'},-0.08888888888888889,2017-01-20,0.3944444444444444
{'$date': '2017-01-20T00:00:00.000+0000'},5.551115123125783e-18,2017-01-20,0.3575
{'$date': '2017-01-21T00:09:09.000+0000'},0.08144866882027005,2017-01-21,0.4538447705366139
{'$date': '2016-12-19T13:13:06.000+0000'},0.07340277777777776,2016-12-19,0.474019841269841
{'$date': '2017-02-28T00:00:00.000+0000'},0.05879928315412185,2017-02-28,0.3253405017921147
{'$date': '2017-03-29T00:00:00.000+0000'},0.08666105499438832,2017-03-29,0.4170229276895943
{'$date': '2017-01-04T23:40:09.000+0000'},-0.02359307359307359,2017-01-04,0.347348484848485
{'$date': '2016-12-08T15:13:51.000+0000'},-0.0935897435897436,2016-12-08,0.5158119658119659
{'$date': '2017-02-28T00:00:00.000+0000'},0.06182291666666666,2017-02-28,0.3123958333333333
{'$date': '2017-03-15T00:00:00.000+0000'},0.06160569105691058,2017-03-15,0.3591260162601626
{'$date': '2017-03-14T13:40:52.000+0000'},0.1383763227513227,2017-03-14,0.4900352733686069
{'$date': '2017-01-10T15:37:51.000+0000'},0.1281770833333334,2017-01-10,0.4472569444444445
{'$date': '2017-01-09T05:15:08.000+0000'},0.1987462006079028,2017-01-09,0.5183763931104358
{'$date': '2017-01-09T14:39:30.000+0000'},0.1627777777777778,2017-01-09,0.4679365079365079
{'$date': '2017-02-28T06:24:11.000+0000'},0.009329004329004329,2017-02-28,0.2523593073593073
{'$date': '2017-03-09T14:49:19.000+0000'},0.09616190866190868,2017-03-09,0.3878105378105379
{'$date': '2017-03-29T00:00:00.000+0000'},0.1011975308641975,2017-03-29,0.4224320987654322
{'$date': '2017-01-12T00:00:00.000+0000'},0.1092171717171717,2017-01-12,0.4118912337662339
{'$date': '2017-01-12T00:00:00.000+0000'},0.1750325752191424,2017-01-12,0.5233505093579719
{'$date': '2016-12-27T16:39:44.000+0000'},0.08962259639585221,2016-12-27,0.3880269923874575
{'$date': '2017-02-09T14:09:54.000+0000'},0.0937405303030303,2017-02-09,0.4781628787878787
{'$date': '2017-03-02T06:46:33.000+0000'},0.1805097011422313,2017-03-02,0.5009414280498617
{'$date': '2017-03-01T15:50:03.000+0000'},0.08821428571428572,2017-03-01,0.5026700680272109
{'$date': '2016-12-08T13:52:30.000+0000'},0.1081175511731067,2016-12-08,0.4947016460905349
{'$date': '2017-02-23T16:37:54.000+0000'},0.2288277511961722,2017-02-23,0.4820574162679425
{'$date': '2017-03-11T00:00:00.000+0000'},0.06173076923076923,2017-03-11,0.3126282051282052
{'$date': '2017-03-08T00:00:00.000+0000'},0.0744489146119581,2017-03-08,0.4259310496267017
{'$date': '2017-03-10T15:21:37.000+0000'},0.1352693602693603,2017-03-10,0.4066077441077441
{'$date': '2017-01-21T00:00:00.000+0000'},0.1129188712522046,2017-01-21,0.5429232804232804
{'$date': '2016-12-23T00:00:00.000+0000'},0.1413261648745519,2016-12-23,0.4693727598566307
{'$date': '2017-02-17T10:05:13.000+0000'},0.02490867579908677,2017-02-17,0.2888522208385222
{'$date': '2017-02-15T15:26:17.000+0000'},0.03428571428571429,2017-02-15,0.2553968253968253
{'$date': '2017-02-15T15:48:31.000+0000'},0.1168929267613478,2017-02-15,0.4508273889852837
{'$date': '2017-03-22T00:00:00.000+0000'},0.0813227758635922,2017-03-22,0.3908313455252231
{'$date': '2017-01-11T13:18:00.000+0000'},0.02224137931034483,2017-01-11,0.4197126436781609
{'$date': '2016-12-13T00:00:00.000+0000'},0.1875,2016-12-13,0.4583333333333333
{'$date': '2016-12-14T02:48:12.000+0000'},0.004320728291316519,2016-12-14,0.3504761904761904
{'$date': '2016-12-12T19:15:36.000+0000'},0.2128205128205128,2016-12-12,0.4166666666666667
{'$date': '2017-02-22T16:17:36.000+0000'},0.25,2017-02-22,0.3
{'$date': '2017-03-27T00:00:00.000+0000'},0.07230820105820109,2017-03-27,0.367771164021164
{'$date': '2017-01-23T00:00:00.000+0000'},0.02236652236652236,2017-01-23,0.3462481962481962
{'$date': '2016-12-05T13:59:06.000+0000'},0.1189540911763134,2016-12-05,0.4592512425845759
{'$date': '2017-02-22T00:00:00.000+0000'},0.125,2017-02-22,0.2283333333333333
{'$date': '2017-02-23T17:28:55.000+0000'},0.2277777777777778,2017-02-23,0.5694444444444444
{'$date': '2017-03-29T00:00:00.000+0000'},0.04205535205535205,2017-03-29,0.3986650386650387
{'$date': '2016-12-12T12:19:35.000+0000'},0.06698738253616303,2016-12-12,0.4930841516207369
{'$date': '2017-02-10T12:36:04.000+0000'},0.1789177489177489,2017-02-10,0.4984956709956709
{'$date': '2017-03-30T00:00:00.000+0000'},0.03417145695834221,2017-03-30,0.3251252572564048
{'$date': '2017-01-26T21:04:19.000+0000'},0,2017-01-26,0
{'$date': '2016-12-21T00:00:00.000+0000'},0.02403829966329965,2016-12-21,0.4524810606060605
{'$date': '2016-12-20T04:04:34.000+0000'},0.1646819818211571,2016-12-20,0.461655211912944
{'$date': '2016-12-21T09:45:11.000+0000'},0.1187335022700876,2016-12-21,0.4387419491078028
{'$date': '2017-02-23T04:47:56.000+0000'},0.01223985890652557,2017-02-23,0.2446384479717813
{'$date': '2017-03-17T00:00:00.000+0000'},-0.01675,2017-03-17,0.2869583333333334
{'$date': '2017-03-16T16:58:44.000+0000'},0.08466545709192767,2017-03-16,0.4305141753671165
{'$date': '2017-01-27T12:13:35.000+0000'},0.1011749482401656,2017-01-27,0.4399124064341455
{'$date': '2016-12-30T00:00:00.000+0000'},0.03894426723374092,2016-12-30,0.3845139996455785
{'$date': '2017-02-27T00:00:00.000+0000'},0.05354297693920335,2017-02-27,0.2610796645702306
{'$date': '2017-02-25T05:57:33.000+0000'},0.1457062890812891,2017-02-25,0.5136297498797502
{'$date': '2017-02-24T14:15:00.000+0000'},0.1319033530571992,2017-02-24,0.5413214990138067
{'$date': '2017-01-06T16:54:54.000+0000'},0.05136054421768707,2017-01-06,0.5338321995464852
{'$date': '2016-12-06T11:47:07.000+0000'},0.09613041613041612,2016-12-06,0.4038309738309738
{'$date': '2016-12-05T00:00:00.000+0000'},0.1034303350970018,2016-12-05,0.4275661375661375
{'$date': '2017-02-23T00:00:00.000+0000'},0.0359039548022599,2017-02-23,0.2896610169491526
{'$date': '2017-02-22T09:44:20.000+0000'},0.02817161410018552,2017-02-22,0.3421808905380335
{'$date': '2017-02-23T14:04:45.000+0000'},0.07394055106319256,2017-02-23,0.4631888289907157
{'$date': '2017-03-29T16:55:14.000+0000'},0.1197255522255522,2017-03-29,0.4147663447663446
{'$date': '2017-01-12T07:38:02.000+0000'},-0.06120507399577168,2017-01-12,0.255091613812544
{'$date': '2016-12-07T00:00:00.000+0000'},-0.03998443077390445,2016-12-07,0.52015455304929
{'$date': '2016-12-07T15:15:49.000+0000'},0.1319047619047619,2016-12-07,0.4815238095238095
{'$date': '2017-02-03T00:00:00.000+0000'},0.1089506172839506,2017-02-03,0.4791446208112874
{'$date': '2017-03-18T04:36:05.000+0000'},0.1450139442839898,2017-03-18,0.4846022908844391
{'$date': '2017-01-16T14:06:52.000+0000'},0.2361881487687939,2017-01-16,0.4892796629893403
{'$date': '2017-01-17T05:30:53.000+0000'},0.1383835833078257,2017-01-17,0.4719959697990001
{'$date': '2017-01-17T17:29:11.000+0000'},0.1073051948051948,2017-01-17,0.3893217893217894
{'$date': '2016-12-29T13:23:44.000+0000'},0.1194100091827364,2016-12-29,0.4988751147842057
{'$date': '2016-12-29T00:00:00.000+0000'},0.1106060606060606,2016-12-29,0.4148989898989899
{'$date': '2017-03-20T16:22:41.000+0000'},0.1321560846560847,2017-03-20,0.4722751322751322
{'$date': '2017-03-24T17:40:05.000+0000'},0.0957757296466974,2017-03-24,0.3147721454173067
{'$date': '2017-03-24T12:42:52.000+0000'},0.1304944444444445,2017-03-24,0.4627555555555556
{'$date': '2017-01-26T01:00:00.000+0000'},0.08388278388278389,2017-01-26,0.2631868131868133
{'$date': '2016-12-19T00:00:00.000+0000'},0.1796780303030303,2016-12-19,0.4429545454545454
{'$date': '2016-12-16T16:43:20.000+0000'},0.01630434782608696,2016-12-16,0.4778985507246377
{'$date': '2017-02-14T13:15:33.000+0000'},0.0677854938271605,2017-02-14,0.3904320987654322
{'$date': '2017-03-26T07:00:58.000+0000'},0.08524051546203446,2017-03-26,0.5366650227409722
{'$date': '2016-12-20T00:00:00.000+0000'},0.1036363636363636,2016-12-20,0.2354545454545454
{'$date': '2016-12-25T00:00:00.000+0000'},0.05452380952380952,2016-12-25,0.3948809523809524
{'$date': '2016-12-23T00:00:00.000+0000'},0.02242647058823529,2016-12-23,0.4018382352941176
{'$date': '2017-03-03T00:00:00.000+0000'},0.02543070073557879,2017-03-03,0.3453155245838173
{'$date': '2016-12-29T17:32:00.000+0000'},0.1060457687473816,2016-12-29,0.4887009495880464
{'$date': '2017-02-14T06:13:59.000+0000'},0.1773824148824149,2017-02-14,0.503147303147303
{'$date': '2017-02-13T00:00:00.000+0000'},0.08616771159874609,2017-02-13,0.3768808777429468
{'$date': '2017-02-13T18:00:14.000+0000'},0.1461564171122995,2017-02-13,0.4472370766488415
{'$date': '2017-01-23T14:13:31.000+0000'},0.07268398268398268,2017-01-23,0.3251082251082251
{'$date': '2017-01-23T00:00:00.000+0000'},0.3203125,2017-01-23,0.49375
{'$date': '2017-01-24T09:05:00.000+0000'},0.1941919191919192,2017-01-24,0.5600448933782266
{'$date': '2016-12-27T00:00:00.000+0000'},0.1388888888888889,2016-12-27,0.2
{'$date': '2016-12-27T13:15:01.000+0000'},-0.06562500000000007,2016-12-27,0.4416666666666668
{'$date': '2017-02-01T13:04:55.000+0000'},0.06645877378435518,2017-02-01,0.4718780831571528
{'$date': '2017-02-01T13:40:32.000+0000'},0.07461215932914045,2017-02-01,0.4134156933213537
{'$date': '2017-03-24T07:30:47.000+0000'},0.1170577130528587,2017-03-24,0.4519147788565264
{'$date': '2017-03-23T17:06:46.000+0000'},-0.03450191570881225,2017-03-23,0.3968582375478926
{'$date': '2017-02-01T00:00:00.000+0000'},0.09711538461538462,2017-02-01,0.3185897435897435
{'$date': '2017-01-30T00:00:00.000+0000'},0.1405381306324702,2017-01-30,0.5272604753736828
{'$date': '2016-12-05T00:00:00.000+0000'},0.06819444444444445,2016-12-05,0.4393055555555555
{'$date': '2016-12-02T00:00:00.000+0000'},0.1453400673400674,2016-12-02,0.4456368446368447
{'$date': '2017-02-13T08:27:49.000+0000'},-0.007504278667069367,2017-02-13,0.3005376019329508
{'$date': '2017-02-10T15:39:13.000+0000'},0.1348469387755102,2017-02-10,0.4159467120181405
{'$date': '2017-02-13T03:33:10.000+0000'},0.07104811556424462,2017-02-13,0.4330271998013933
{'$date': '2017-03-28T00:00:00.000+0000'},0.0830162794951527,2017-03-28,0.4659898786659347
{'$date': '2017-01-09T16:28:27.000+0000'},0.1108137358137358,2017-01-09,0.4137592137592138
{'$date': '2017-01-10T00:00:00.000+0000'},0.1461251692179527,2017-01-10,0.4587721099061304
{'$date': '2016-12-14T07:59:42.000+0000'},0.02677128427128427,2016-12-14,0.4658761724386725
{'$date': '2016-12-15T14:32:23.000+0000'},0.1516934046345811,2016-12-15,0.418716577540107
{'$date': '2016-12-14T00:00:00.000+0000'},0.2226750588592694,2016-12-14,0.5531802992329308
{'$date': '2017-02-06T13:33:04.000+0000'},0.04770748964297351,2017-02-06,0.3072499185402411
{'$date': '2017-02-06T08:17:39.000+0000'},0.173570998537886,2017-02-06,0.4318536595854476
{'$date': '2017-03-29T00:00:00.000+0000'},0.07202455590386625,2017-03-29,0.3229075235109718
{'$date': '2017-03-27T15:14:14.000+0000'},0.1607800224466891,2017-03-27,0.4505647174694793
{'$date': '2017-03-28T19:30:56.000+0000'},0.07049062049062049,2017-03-28,0.399042809042809
{'$date': '2016-12-13T19:58:17.000+0000'},0.1613636363636363,2016-12-13,0.448989898989899
{'$date': '2016-12-13T00:00:00.000+0000'},0.06153846153846154,2016-12-13,0.3064102564102564
{'$date': '2017-02-25T01:13:14.000+0000'},0.1106112852664577,2017-02-25,0.5042789968652037
{'$date': '2017-02-24T15:55:10.000+0000'},0.3208333333333333,2017-02-24,0.5341666666666667
{'$date': '2017-03-29T00:00:00.000+0000'},0.1360968152704995,2017-03-29,0.4854356016303386
{'$date': '2017-01-25T00:00:00.000+0000'},-0.008306486794858892,2017-01-25,0.4202968220410081
{'$date': '2017-01-26T10:35:00.000+0000'},0.1430555555555555,2017-01-26,0.4262152777777778
{'$date': '2017-01-27T00:00:00.000+0000'},0.2376391621846167,2017-01-27,0.5266403209585028
{'$date': '2016-12-28T13:03:16.000+0000'},0.13544536271809,2016-12-28,0.3816517447199266
{'$date': '2016-12-21T00:00:00.000+0000'},0.1198059360730593,2016-12-21,0.4020004348771472
{'$date': '2017-01-12T07:18:34.000+0000'},0.04706295477572073,2017-01-12,0.4510592244634797
{'$date': '2017-01-11T16:51:48.000+0000'},0.1331326081326081,2017-01-11,0.4579152329152329
{'$date': '2017-01-11T00:00:00.000+0000'},0.107346796229775,2017-01-11,0.4950057566546928
{'$date': '2016-12-22T15:24:26.000+0000'},0.156095145988763,2016-12-22,0.4358777747075618
{'$date': '2016-12-23T09:15:01.000+0000'},-0.05483870967741938,2016-12-23,0.4333333333333335
{'$date': '2016-12-21T00:00:00.000+0000'},0.06144830659536542,2016-12-21,0.4342884729649435
{'$date': '2016-12-22T00:00:00.000+0000'},0.173546511627907,2016-12-22,0.5157622739018086
{'$date': '2016-12-14T04:00:13.000+0000'},0.1388420862762968,2016-12-14,0.4218904268246374
{'$date': '2016-12-13T12:50:34.000+0000'},0.06329816017316017,2016-12-13,0.3737418831168831
{'$date': '2016-12-15T00:00:00.000+0000'},0.1705076272933416,2016-12-15,0.4660791589363018
